LANGUAGEID,WORKSPACE,FIXTURE,STRATEGY,FILEPATH,REVISION,MULTILINE,COMPLETION_INTENT,AUTOCOMPLETE_KIND,RANGE_START_LINE,RANGE_START_CHARACTER,RANGE_END_LINE,RANGE_END_CHARACTER,RESULT_TIMEOUT,RESULT_ERROR,RESULT_EMPTY,RESULT_EXACT,RESULT_TYPECHECKS,RESULT_PARSES,RESULT_TEXT,RESULT_CHAR_COUNT,RESULT_NON_INSERT_PATCH,EDIT_DIFF,CHAT_REPLY,FIX_AFTER_DIAGNOSTIC,FIX_BEFORE_DIAGNOSTIC,LLM_JUDGE_SCORE,LLM_JUDGE_REASONING,PROVIDER_IDENTIFIER,PROVIDER_MODEL,STOP_REASON,CONTEXT_BFG_RETRIEVED_COUNT,CONTEXT_BFG_SUGGESTED_COUNT,CONTEXT_BFG_DURATION_MS,EVENT
yaml,chat,gpt-4o,chat,question_001/question.yaml,5bbcf0dc61ce147e29a384a110e6db090f883e83,,,,0,0,0,0,,,,,,,,,,,"Based on the provided codebase context, we can implement a `Dog` class that extends the `Animal` interface like this:

```typescript
class Dog implements Animal {
    name: string;
    age: number;

    constructor(name: string, age: number) {
        this.name = name;
        this.age = age;
    }
}
```

In this implementation, the `Dog` class has two properties, `name` and `age`, which are defined in the `Animal` interface. The constructor takes in values for these properties and initializes them.

Now, you can create instances of the `Dog` class like this:

```typescript
const myDog = new Dog(""Buddy"", 3);
console.log(myDog.name); // Output: ""Buddy""
console.log(myDog.age); // Output: 3
```

Note that this implementation strictly adheres to the provided codebase context and does not make any additional assumptions.",,,,,,,,,,,
yaml,chat,gpt-4o,chat,question_002/question.yaml,5bbcf0dc61ce147e29a384a110e6db090f883e83,,,,0,0,0,0,,,,,,,,,,,"Based on the provided code context, Squirrel is an interface that represents a code intelligence API. It has a single method `symbolInformation` that takes a `file` string as input and returns an object of type `CodeIntelligence`, which contains an array of strings called `symbols`.

The comment above the `Squirrel` interface states that ""Squirrel is a code intelligence API"", which aligns with the interface definition.",,,,,,,,,,,
yaml,chat,claude-3.5-sonnet,chat,question_001/question.yaml,5bbcf0dc61ce147e29a384a110e6db090f883e83,,,,0,0,0,0,,,,,,,,,,,"Based on the provided codebase context, I can implement a Dog class that adheres to the Animal interface. Here's an implementation:

```typescript
class Dog implements Animal {
    name: string;
    age: number;
    breed: string;

    constructor(name: string, age: number, breed: string) {
        this.name = name;
        this.age = age;
        this.breed = breed;
    }

    bark(): void {
        console.log(`${this.name} says: Woof!`);
    }
}
```

This Dog class:

1. Implements the Animal interface, which requires `name` and `age` properties.
2. Adds an additional `breed` property specific to dogs.
3. Includes a constructor to initialize these properties.
4. Adds a `bark` method as a dog-specific behavior.

You can use this class like this:

```typescript
const myDog = new Dog(""Buddy"", 3, ""Labrador"");
console.log(myDog.name); // Output: Buddy
console.log(myDog.age);  // Output: 3
console.log(myDog.breed); // Output: Labrador
myDog.bark(); // Output: Buddy says: Woof!
```

This implementation ensures that the Dog class satisfies the Animal interface while also including dog-specific properties and methods.",,,,,,,,,,,
yaml,chat,claude-3.5-sonnet,chat,question_002/question.yaml,5bbcf0dc61ce147e29a384a110e6db090f883e83,,,,0,0,0,0,,"no text reply. Got {
  ""model"": ""anthropic/claude-3-5-sonnet-20240620"",
  ""speaker"": ""assistant"",
  ""error"": {
    ""isChatErrorGuard"": ""isChatErrorGuard"",
    ""name"": ""RateLimitError"",
    ""userMessage"": ""You've used all of your chat messages and commands for the month."",
    ""retryMessage"": ""Usage will reset today at 3:09 PM"",
    ""feature"": ""chat messages and commands"",
    ""upgradeIsAvailable"": true,
    ""limit"": 3,
    ""retryAfter"": ""467"",
    ""message"": ""Request to https://sourcegraph.com/.api/completions/stream?api-version=1&client-name=cody-bench&client-version=0.1.0 failed with 429 : "",
    ""retryAfterDateString"": ""\""2024-06-25T22:09:30.351Z\""""
  }
}",,,,,,,,,,,,,,,,,,,,
