LANGUAGEID,WORKSPACE,FIXTURE,STRATEGY,FILEPATH,REVISION,MULTILINE,COMPLETION_INTENT,AUTOCOMPLETE_KIND,RANGE_START_LINE,RANGE_START_CHARACTER,RANGE_END_LINE,RANGE_END_CHARACTER,RESULT_TIMEOUT,RESULT_ERROR,RESULT_EMPTY,RESULT_EXACT,RESULT_TYPECHECKS,RESULT_PARSES,RESULT_TEXT,RESULT_CHAR_COUNT,RESULT_NON_INSERT_PATCH,EDIT_DIFF,CHAT_REPLY,CHAT_QUESTION,CONTEXT_ITEMS,QUESTION_CLASS,FIX_AFTER_DIAGNOSTIC,FIX_BEFORE_DIAGNOSTIC,LLM_JUDGE_SCORE,LLM_JUDGE_REASONING,CONCISENESS_SCORE,HEDGES,PROVIDER_IDENTIFIER,PROVIDER_MODEL,STOP_REASON,CONTEXT_BFG_RETRIEVED_COUNT,CONTEXT_BFG_SUGGESTED_COUNT,CONTEXT_BFG_DURATION_MS,EVENT
yaml,chat_context,gpt-4o,chat,question_001/question.yaml,a676d7fd769ca649ec3987c302638537032a0cbd,,,,0,0,0,0,,,,,,,,,,,"Based on the provided codebase context, we can implement a `Dog` class that extends the `Animal` interface. Here's an example implementation:

```typescript
class Dog implements Animal {
    name: string;
    age: number;

    constructor(name: string, age: number) {
        this.name = name;
        this.age = age;
    }

    bark(): void {
        console.log(`${this.name} says: Woof!`);
    }
}
```

In this implementation, the `Dog` class has two properties, `name` and `age`, which are defined in the `Animal` interface. The constructor takes these two properties as arguments and initializes them.

Additionally, we've added a `bark` method to the `Dog` class, which logs a message to the console with the dog's name and a ""Woof!"" sound.

You can create instances of the `Dog` class like this:

```typescript
const fido = new Dog(""Fido"", 3);
fido.bark(); // Output: Fido says: Woof!
```

Note that this implementation assumes that the `Animal` interface is defined in the `animal.ts` file, as provided in the codebase context.",implement a dog class,"[{""source"":""search"",""file"":""/Users/jan/repos/cody-leaderboard/input/chat_context/mocked/enhanced_context/README.mdL0-5""},{""source"":""embeddings"",""file"":""/Users/jan/repos/cody-leaderboard/input/chat_context/mocked/codebase_context/shards/watcher.goL91-133""},{""source"":""embeddings"",""file"":""/Users/jan/repos/cody-leaderboard/input/chat_context/mocked/codebase_context/eval.goL97-139""},{""source"":""embeddings"",""file"":""/Users/jan/repos/cody-leaderboard/input/chat_context/mocked/codebase_context/eval.goL649-681""},{""source"":""embeddings"",""file"":""/Users/jan/repos/cody-leaderboard/input/chat_context/mocked/codebase_context/limit.goL22-70""},{""source"":""embeddings"",""file"":""/Users/jan/repos/cody-leaderboard/input/chat_context/mocked/codebase_context/eval.goL600-632""},{""source"":""embeddings"",""file"":""/Users/jan/repos/cody-leaderboard/input/chat_context/mocked/codebase_context/eval.goL68-97""},{""source"":""embeddings"",""file"":""/Users/jan/repos/cody-leaderboard/input/chat_context/mocked/codebase_context/eval.goL551-600""},{""source"":""embeddings"",""file"":""/Users/jan/repos/cody-leaderboard/input/chat_context/mocked/codebase_context/README.mdL0-36""},{""source"":""embeddings"",""file"":""/Users/jan/repos/cody-leaderboard/input/chat_context/mocked/codebase_context/eval.goL723-730""},{""source"":""embeddings"",""file"":""/Users/jan/repos/cody-leaderboard/input/chat_context/mocked/enhanced_context/squirrel.tsL0-12""},{""source"":""embeddings"",""file"":""/Users/jan/repos/cody-leaderboard/input/chat_context/mocked/codebase_context/eval.goL681-723""},{""source"":""embeddings"",""file"":""/Users/jan/repos/cody-leaderboard/input/chat_context/question_002/question.yamlL0-3""},{""source"":""embeddings"",""file"":""/Users/jan/repos/cody-leaderboard/input/chat_context/mocked/enhanced_context/vscode/src/external-services.tsL0-3""},{""source"":""embeddings"",""file"":""/Users/jan/repos/cody-leaderboard/input/chat_context/mocked/enhanced_context/animal.tsL0-6""},{""source"":""embeddings"",""file"":""/Users/jan/repos/cody-leaderboard/input/chat_context/question_001/question.yamlL0-4""}]",generate code,,,2,,2,false,,,,,,,
yaml,chat_context,gpt-4o,chat,question_002/question.yaml,a676d7fd769ca649ec3987c302638537032a0cbd,,,,0,0,0,0,,,,,,,,,,,"Based on the codebase context provided, squirrel appears to be a code intelligence API. The file `mocked/enhanced_context/squirrel.ts` contains the following definition:

```typescript
/**
 * Squirrel is a code intelligence API.
 */
interface Squirrel {
    symbolInformation(file: string): CodeIntelligence
}
```

The `Squirrel` interface has a method `symbolInformation` that takes a file path as input and returns an object of type `CodeIntelligence`, which contains an array of symbols.

So, squirrel seems to be an API or service that provides code intelligence capabilities, such as retrieving symbols or other information from source code files.",what is squirrel?,"[{""source"":""embeddings"",""file"":""/Users/jan/repos/cody-leaderboard/input/chat_context/mocked/enhanced_context/agent.goL0-3""},{""source"":""embeddings"",""file"":""/Users/jan/repos/cody-leaderboard/input/chat_context/mocked/codebase_context/eval.goL551-600""},{""source"":""embeddings"",""file"":""/Users/jan/repos/cody-leaderboard/input/chat_context/mocked/codebase_context/shards/watcher.goL133-184""},{""source"":""embeddings"",""file"":""/Users/jan/repos/cody-leaderboard/input/chat_context/mocked/codebase_context/eval.goL600-632""},{""source"":""embeddings"",""file"":""/Users/jan/repos/cody-leaderboard/input/chat_context/mocked/codebase_context/eval.goL32-68""},{""source"":""embeddings"",""file"":""/Users/jan/repos/cody-leaderboard/input/chat_context/mocked/codebase_context/eval.goL480-515""},{""source"":""embeddings"",""file"":""/Users/jan/repos/cody-leaderboard/input/chat_context/mocked/codebase_context/shards/watcher.goL41-91""},{""source"":""embeddings"",""file"":""/Users/jan/repos/cody-leaderboard/input/chat_context/mocked/codebase_context/shards/watcher.goL184-234""},{""source"":""embeddings"",""file"":""/Users/jan/repos/cody-leaderboard/input/chat_context/mocked/codebase_context/grpc/chunk/chunker_test.goL194-227""},{""source"":""embeddings"",""file"":""/Users/jan/repos/cody-leaderboard/input/chat_context/mocked/codebase_context/grpc/chunk/chunker_test.goL153-194""},{""source"":""embeddings"",""file"":""/Users/jan/repos/cody-leaderboard/input/chat_context/mocked/codebase_context/grpc/chunk/chunker_test.goL93-153""},{""source"":""embeddings"",""file"":""/Users/jan/repos/cody-leaderboard/input/chat_context/mocked/codebase_context/grpc/chunk/chunker_test.goL227-269""},{""source"":""embeddings"",""file"":""/Users/jan/repos/cody-leaderboard/input/chat_context/mocked/enhanced_context/animal.tsL0-6""},{""source"":""embeddings"",""file"":""/Users/jan/repos/cody-leaderboard/input/chat_context/mocked/enhanced_context/squirrel.tsL0-12""},{""source"":""embeddings"",""file"":""/Users/jan/repos/cody-leaderboard/input/chat_context/question_002/question.yamlL0-3""}]",codebase onboarding,,,2,,2,false,,,,,,,
yaml,chat_context,gpt-4o,chat,question_003/question.yaml,a676d7fd769ca649ec3987c302638537032a0cbd,,,,0,0,0,0,,,,,,,,,,,"Based on the provided codebase context, I have access to the following files:

1. `mocked/enhanced_context/vscode/src/external-services.ts` (TypeScript file)
2. `mocked/enhanced_context/README.md` (Markdown file describing the `@sourcegraph/cody-agent` package)
3. `mocked/enhanced_context/squirrel.ts` (TypeScript file defining the `Squirrel` code intelligence API interface)
4. `mocked/codebase_context/shards/watcher.go` (Go file related to watching and loading shards)
5. `mocked/codebase_context/eval.go` (Go file containing code for evaluating search queries)
6. `mocked/codebase_context/README.md` (Markdown file with instructions for using Zoekt)
7. `mocked/enhanced_context/watcher.go` (Go file related to watching configuration changes)
8. `mocked/codebase_context/limit.go` (Go file containing code for limiting search results)

These files appear to be a mix of TypeScript, Go, and Markdown files from various parts of the Sourcegraph codebase, including the Zoekt search engine, the Cody agent, and some configuration management code.",What code do you have access to?,"[{""source"":""search"",""file"":""/Users/jan/repos/cody-leaderboard/input/chat_context/mocked/codebase_context/README.mdL0-61""},{""source"":""embeddings"",""file"":""/Users/jan/repos/cody-leaderboard/input/chat_context/mocked/codebase_context/limit.goL22-70""},{""source"":""embeddings"",""file"":""/Users/jan/repos/cody-leaderboard/input/chat_context/mocked/codebase_context/eval.goL377-402""},{""source"":""embeddings"",""file"":""/Users/jan/repos/cody-leaderboard/input/chat_context/mocked/codebase_context/eval.goL649-681""},{""source"":""embeddings"",""file"":""/Users/jan/repos/cody-leaderboard/input/chat_context/mocked/codebase_context/eval.goL402-446""},{""source"":""embeddings"",""file"":""/Users/jan/repos/cody-leaderboard/input/chat_context/mocked/enhanced_context/watcher.goL0-25""},{""source"":""embeddings"",""file"":""/Users/jan/repos/cody-leaderboard/input/chat_context/mocked/codebase_context/README.mdL98-128""},{""source"":""embeddings"",""file"":""/Users/jan/repos/cody-leaderboard/input/chat_context/mocked/codebase_context/eval.goL97-139""},{""source"":""embeddings"",""file"":""/Users/jan/repos/cody-leaderboard/input/chat_context/mocked/codebase_context/eval.goL681-723""},{""source"":""embeddings"",""file"":""/Users/jan/repos/cody-leaderboard/input/chat_context/mocked/codebase_context/shards/watcher.goL0-41""},{""source"":""embeddings"",""file"":""/Users/jan/repos/cody-leaderboard/input/chat_context/mocked/codebase_context/shards/watcher.goL91-133""},{""source"":""embeddings"",""file"":""/Users/jan/repos/cody-leaderboard/input/chat_context/question_002/question.yamlL0-3""},{""source"":""embeddings"",""file"":""/Users/jan/repos/cody-leaderboard/input/chat_context/mocked/enhanced_context/squirrel.tsL0-12""},{""source"":""embeddings"",""file"":""/Users/jan/repos/cody-leaderboard/input/chat_context/mocked/enhanced_context/README.mdL0-6""},{""source"":""embeddings"",""file"":""/Users/jan/repos/cody-leaderboard/input/chat_context/mocked/enhanced_context/vscode/src/external-services.tsL0-3""}]",cody usage,,,2,,2,false,,,,,,,
yaml,chat_context,gpt-4o,chat,question_008/question.yaml,a676d7fd769ca649ec3987c302638537032a0cbd,,,,0,0,0,0,,,,,,,,,,,"Based on the codebase context provided, this repository appears to be related to Squirrel, which is described as a ""code intelligence API"". Specifically:

1. The `squirrel.ts` file defines a `Squirrel` interface that has a `symbolInformation` method for getting symbol information from a file.

2. The `animal.ts` file defines a generic `Animal` interface with `name` and `age` properties, which doesn't seem directly related to code intelligence.

3. The `README.md` file mentions the `@sourcegraph/cody-agent` package, which implements a JSON-RPC server for interacting with ""Cody"" via stdout/stdin, likely for non-ECMAScript clients like JetBrains and NeoVim plugins.

4. The `vscode/src/external-services.ts` file seems to be part of a Visual Studio Code extension or integration.

So in summary, this repository appears to be related to providing code intelligence capabilities, potentially through a language server protocol implementation called ""Cody"". The Squirrel interface defines an API for retrieving symbol information from source code files. The codebase supports integrations with various IDEs and editors like Visual Studio Code, JetBrains, and NeoVim.",What does this repo do??,"[{""source"":""search"",""file"":""/Users/jan/repos/cody-leaderboard/input/chat_context/mocked/enhanced_context/vscode/src/external-services.tsL0-2""},{""source"":""search"",""file"":""/Users/jan/repos/cody-leaderboard/input/chat_context/mocked/enhanced_context/README.mdL0-5""},{""source"":""search"",""file"":""/Users/jan/repos/cody-leaderboard/input/chat_context/mocked/enhanced_context/squirrel.tsL0-11""},{""source"":""search"",""file"":""/Users/jan/repos/cody-leaderboard/input/chat_context/mocked/enhanced_context/animal.tsL0-5""},{""source"":""search"",""file"":""/Users/jan/repos/cody-leaderboard/input/chat_context/mocked/codebase_context/README.mdL61-118""},{""source"":""search"",""file"":""/Users/jan/repos/cody-leaderboard/input/chat_context/mocked/codebase_context/README.mdL118-150""},{""source"":""search"",""file"":""/Users/jan/repos/cody-leaderboard/input/chat_context/mocked/codebase_context/README.mdL0-61""},{""source"":""search"",""file"":""/Users/jan/repos/cody-leaderboard/input/chat_context/mocked/codebase_context/eval.goL372-382""},{""source"":""embeddings"",""file"":""/Users/jan/repos/cody-leaderboard/input/chat_context/mocked/codebase_context/eval.goL279-310""},{""source"":""embeddings"",""file"":""/Users/jan/repos/cody-leaderboard/input/chat_context/mocked/codebase_context/eval.goL480-515""},{""source"":""embeddings"",""file"":""/Users/jan/repos/cody-leaderboard/input/chat_context/mocked/codebase_context/grpc/chunk/chunker_test.goL227-269""},{""source"":""embeddings"",""file"":""/Users/jan/repos/cody-leaderboard/input/chat_context/mocked/codebase_context/eval.goL515-551""},{""source"":""embeddings"",""file"":""/Users/jan/repos/cody-leaderboard/input/chat_context/mocked/codebase_context/eval.goL236-279""},{""source"":""embeddings"",""file"":""/Users/jan/repos/cody-leaderboard/input/chat_context/mocked/codebase_context/eval.goL32-68""},{""source"":""embeddings"",""file"":""/Users/jan/repos/cody-leaderboard/input/chat_context/mocked/codebase_context/eval.goL195-236""},{""source"":""embeddings"",""file"":""/Users/jan/repos/cody-leaderboard/input/chat_context/mocked/codebase_context/eval.goL337-377""},{""source"":""embeddings"",""file"":""/Users/jan/repos/cody-leaderboard/input/chat_context/mocked/codebase_context/eval.goL68-97""},{""source"":""embeddings"",""file"":""/Users/jan/repos/cody-leaderboard/input/chat_context/mocked/enhanced_context/agent.goL0-3""},{""source"":""embeddings"",""file"":""/Users/jan/repos/cody-leaderboard/input/chat_context/mocked/codebase_context/shards/watcher.goL41-91""},{""source"":""embeddings"",""file"":""/Users/jan/repos/cody-leaderboard/input/chat_context/mocked/codebase_context/grpc/chunk/chunker_test.goL0-30""},{""source"":""embeddings"",""file"":""/Users/jan/repos/cody-leaderboard/input/chat_context/mocked/codebase_context/README.mdL98-128""},{""source"":""embeddings"",""file"":""/Users/jan/repos/cody-leaderboard/input/chat_context/question_002/question.yamlL0-3""}]",codebase onboarding,,,2,,2,false,,,,,,,
yaml,chat_context,gpt-4o,chat,question_011/question.yaml,a676d7fd769ca649ec3987c302638537032a0cbd,,,,0,0,0,0,,,,,,,,,,,"Based on the provided code context, the `DirectoryWatcher` struct and its associated methods are responsible for watching a directory for changes to files with the `.zoekt` extension, and loading or unloading those files as needed.

Here's a breakdown of what the `DirectoryWatcher` does:

1. `newDirectoryWatcher` creates a new `DirectoryWatcher` instance, initializing channels for signaling when it's ready, when to quit, and when it has stopped.

2. `WaitUntilReady` blocks until the `DirectoryWatcher` is ready, returning any error that occurred during initialization.

3. `scan` scans the directory for `.zoekt` files, determines which files need to be loaded or unloaded based on their modification times, and calls the `shardLoader` interface to load or drop those files.

4. `watch` sets up a filesystem watcher using `fsnotify` to watch for changes in the directory. When changes are detected, it signals the `scan` function to run again and update the loaded files accordingly.

5. `Stop` is used to stop the `DirectoryWatcher` by closing the `quit` channel, which causes the `watch` goroutine to exit and the `stopped` channel to be closed.

In summary, the `DirectoryWatcher` continuously monitors a directory for changes to `.zoekt` files, loading or unloading them as needed. This is likely used to keep an index of files up-to-date as the files on disk change.",What does directory watcher do?,"[{""source"":""search"",""file"":""/Users/jan/repos/cody-leaderboard/input/chat_context/mocked/codebase_context/shards/watcher.goL204-249""},{""source"":""search"",""file"":""/Users/jan/repos/cody-leaderboard/input/chat_context/mocked/codebase_context/shards/watcher.goL118-186""},{""source"":""search"",""file"":""/Users/jan/repos/cody-leaderboard/input/chat_context/mocked/codebase_context/shards/watcher.goL37-51""},{""source"":""embeddings"",""file"":""/Users/jan/repos/cody-leaderboard/input/chat_context/question_002/question.yamlL0-3""},{""source"":""embeddings"",""file"":""/Users/jan/repos/cody-leaderboard/input/chat_context/mocked/enhanced_context/agent.goL0-3""},{""source"":""embeddings"",""file"":""/Users/jan/repos/cody-leaderboard/input/chat_context/mocked/codebase_context/grpc/chunk/chunker_test.goL153-194""},{""source"":""embeddings"",""file"":""/Users/jan/repos/cody-leaderboard/input/chat_context/mocked/enhanced_context/vscode/src/external-services.tsL0-3""},{""source"":""embeddings"",""file"":""/Users/jan/repos/cody-leaderboard/input/chat_context/mocked/codebase_context/grpc/chunk/chunker_test.goL227-269""},{""source"":""embeddings"",""file"":""/Users/jan/repos/cody-leaderboard/input/chat_context/mocked/enhanced_context/watcher.goL0-25""},{""source"":""embeddings"",""file"":""/Users/jan/repos/cody-leaderboard/input/chat_context/mocked/codebase_context/shards/watcher.goL234-250""},{""source"":""embeddings"",""file"":""/Users/jan/repos/cody-leaderboard/input/chat_context/mocked/codebase_context/eval.goL480-515""},{""source"":""embeddings"",""file"":""/Users/jan/repos/cody-leaderboard/input/chat_context/mocked/enhanced_context/limit.goL0-31""},{""source"":""embeddings"",""file"":""/Users/jan/repos/cody-leaderboard/input/chat_context/mocked/codebase_context/shards/watcher.goL91-133""},{""source"":""embeddings"",""file"":""/Users/jan/repos/cody-leaderboard/input/chat_context/mocked/codebase_context/shards/watcher.goL0-41""},{""source"":""embeddings"",""file"":""/Users/jan/repos/cody-leaderboard/input/chat_context/mocked/codebase_context/limit.goL0-22""},{""source"":""embeddings"",""file"":""/Users/jan/repos/cody-leaderboard/input/chat_context/mocked/codebase_context/shards/watcher.goL184-234""},{""source"":""embeddings"",""file"":""/Users/jan/repos/cody-leaderboard/input/chat_context/mocked/codebase_context/README.mdL98-128""},{""source"":""embeddings"",""file"":""/Users/jan/repos/cody-leaderboard/input/chat_context/mocked/codebase_context/shards/watcher.goL41-91""}]",code search,,,2,,2,false,,,,,,,
yaml,chat_context,gpt-4o,chat,question_013/question.yaml,a676d7fd769ca649ec3987c302638537032a0cbd,,,,0,0,0,0,,,,,,,,,,,"Based on the provided codebase context, the gRPC chunker is tested in the file `mocked/codebase_context/grpc/chunk/chunker_test.go`. This file contains two test functions:

1. `TestChunker_DeliverAllMessages(t *testing.T)`: This test function checks if the chunker correctly delivers all messages by sending various sets of payloads (including empty payloads and large payloads) and verifying that the received payloads match the sent payloads in terms of number, content, and total size.

2. `TestChunkerE2E(t *testing.T)`: This test function performs an end-to-end test of the chunker by setting up a gRPC server and client. It sends payloads of different sizes through the chunker and verifies that the received payloads have the expected size and are split into the correct number of messages (chunks).

The `TestChunkerE2E` function sets up a gRPC server using the `server` struct, which implements the `TestService_StreamingOutputCallServer` interface. The `StreamingOutputCall` method of this struct uses the chunker to split the payload into smaller chunks and send them to the client.

The test functions use helper functions like `runServer`, `newClient`, and `runTest` to set up the test environment, create gRPC clients and servers, and run the tests with different input payloads.",where do we test the grpc chunker,"[{""source"":""search"",""file"":""/Users/jan/repos/cody-leaderboard/input/chat_context/mocked/codebase_context/grpc/chunk/chunker_test.goL211-243""},{""source"":""search"",""file"":""/Users/jan/repos/cody-leaderboard/input/chat_context/mocked/codebase_context/grpc/chunk/chunker_test.goL265-276""},{""source"":""search"",""file"":""/Users/jan/repos/cody-leaderboard/input/chat_context/mocked/codebase_context/grpc/chunk/chunker_test.goL132-205""},{""source"":""search"",""file"":""/Users/jan/repos/cody-leaderboard/input/chat_context/mocked/codebase_context/grpc/chunk/chunker_test.goL31-130""},{""source"":""embeddings"",""file"":""/Users/jan/repos/cody-leaderboard/input/chat_context/mocked/codebase_context/eval.goL480-515""},{""source"":""embeddings"",""file"":""/Users/jan/repos/cody-leaderboard/input/chat_context/mocked/codebase_context/shards/watcher.goL0-41""},{""source"":""embeddings"",""file"":""/Users/jan/repos/cody-leaderboard/input/chat_context/mocked/codebase_context/limit.goL22-70""},{""source"":""embeddings"",""file"":""/Users/jan/repos/cody-leaderboard/input/chat_context/mocked/enhanced_context/limit.goL0-31""},{""source"":""embeddings"",""file"":""/Users/jan/repos/cody-leaderboard/input/chat_context/mocked/codebase_context/eval.goL310-337""},{""source"":""embeddings"",""file"":""/Users/jan/repos/cody-leaderboard/input/chat_context/mocked/codebase_context/grpc/chunk/chunker_test.goL93-153""},{""source"":""embeddings"",""file"":""/Users/jan/repos/cody-leaderboard/input/chat_context/mocked/enhanced_context/README.mdL0-6""},{""source"":""embeddings"",""file"":""/Users/jan/repos/cody-leaderboard/input/chat_context/mocked/codebase_context/grpc/chunk/chunker_test.goL269-277""},{""source"":""embeddings"",""file"":""/Users/jan/repos/cody-leaderboard/input/chat_context/mocked/codebase_context/grpc/chunk/chunker_test.goL194-227""},{""source"":""embeddings"",""file"":""/Users/jan/repos/cody-leaderboard/input/chat_context/mocked/enhanced_context/chunker_test.goL0-3""},{""source"":""embeddings"",""file"":""/Users/jan/repos/cody-leaderboard/input/chat_context/mocked/codebase_context/grpc/chunk/chunker_test.goL0-30""},{""source"":""embeddings"",""file"":""/Users/jan/repos/cody-leaderboard/input/chat_context/mocked/codebase_context/grpc/chunk/chunker_test.goL227-269""},{""source"":""embeddings"",""file"":""/Users/jan/repos/cody-leaderboard/input/chat_context/mocked/codebase_context/grpc/chunk/chunker_test.goL30-62""}]",code search,,,2,,2,false,,,,,,,
yaml,chat_context,gpt-4o,chat,question_017/question.yaml,a676d7fd769ca649ec3987c302638537032a0cbd,,,,0,0,0,0,,,,,,,,,,,"Unfortunately, I could not find any information in the provided codebase context that explains why this project uses the MIT license. The README file mentions that it is a fork of the Google zoekt project, but does not provide details on the licensing rationale. Many open source projects choose permissive licenses like MIT to allow broad reuse and modification, but without an explicit rationale stated in the codebase, I can only speculate on the reasons for choosing MIT for this particular project.",Why does this project use the MIT license?,"[{""source"":""search"",""file"":""/Users/jan/repos/cody-leaderboard/input/chat_context/mocked/codebase_context/README.mdL0-61""},{""source"":""search"",""file"":""/Users/jan/repos/cody-leaderboard/input/chat_context/mocked/codebase_context/README.mdL61-118""},{""source"":""search"",""file"":""/Users/jan/repos/cody-leaderboard/input/chat_context/mocked/codebase_context/README.mdL118-150""},{""source"":""search"",""file"":""/Users/jan/repos/cody-leaderboard/input/chat_context/mocked/enhanced_context/README.mdL0-5""},{""source"":""search"",""file"":""/Users/jan/repos/cody-leaderboard/input/chat_context/mocked/enhanced_context/limit.goL144-146""},{""source"":""embeddings"",""file"":""/Users/jan/repos/cody-leaderboard/input/chat_context/mocked/codebase_context/grpc/chunk/chunker_test.goL227-269""},{""source"":""embeddings"",""file"":""/Users/jan/repos/cody-leaderboard/input/chat_context/mocked/codebase_context/eval.goL551-600""},{""source"":""embeddings"",""file"":""/Users/jan/repos/cody-leaderboard/input/chat_context/mocked/codebase_context/README.mdL98-128""},{""source"":""embeddings"",""file"":""/Users/jan/repos/cody-leaderboard/input/chat_context/mocked/codebase_context/eval.goL139-195""},{""source"":""embeddings"",""file"":""/Users/jan/repos/cody-leaderboard/input/chat_context/mocked/codebase_context/eval.goL515-551""},{""source"":""embeddings"",""file"":""/Users/jan/repos/cody-leaderboard/input/chat_context/mocked/codebase_context/shards/watcher.goL133-184""},{""source"":""embeddings"",""file"":""/Users/jan/repos/cody-leaderboard/input/chat_context/mocked/codebase_context/shards/watcher.goL184-234""},{""source"":""embeddings"",""file"":""/Users/jan/repos/cody-leaderboard/input/chat_context/mocked/codebase_context/eval.goL480-515""},{""source"":""embeddings"",""file"":""/Users/jan/repos/cody-leaderboard/input/chat_context/mocked/codebase_context/grpc/chunk/chunker_test.goL0-30""},{""source"":""embeddings"",""file"":""/Users/jan/repos/cody-leaderboard/input/chat_context/mocked/codebase_context/eval.goL0-32""},{""source"":""embeddings"",""file"":""/Users/jan/repos/cody-leaderboard/input/chat_context/mocked/codebase_context/eval.goL236-279""},{""source"":""embeddings"",""file"":""/Users/jan/repos/cody-leaderboard/input/chat_context/mocked/codebase_context/shards/watcher.goL0-41""},{""source"":""embeddings"",""file"":""/Users/jan/repos/cody-leaderboard/input/chat_context/mocked/codebase_context/shards/watcher.goL91-133""},{""source"":""embeddings"",""file"":""/Users/jan/repos/cody-leaderboard/input/chat_context/question_002/question.yamlL0-3""}]",insufficient context,,,2,,2,true,,,,,,,
yaml,chat_context,gpt-4o,chat,question_019/question.yaml,a676d7fd769ca649ec3987c302638537032a0cbd,,,,0,0,0,0,,,,,,,,,,,"Unfortunately, the provided code context does not contain enough information to explain the logic around how agents interact with ranking in the `agent.go` file. The context provided is very minimal, only containing the package declaration `package agent` and a comment `// Agent is an agent`. Without more code from the `agent.go` file or related files, I cannot provide a meaningful explanation of the agent logic or how it relates to ranking.","Explain the logic in src/agent.go, particularly how agents interact with ranking","[{""source"":""search"",""file"":""/Users/jan/repos/cody-leaderboard/input/chat_context/mocked/codebase_context/shards/watcher.goL38-38""},{""source"":""search"",""file"":""/Users/jan/repos/cody-leaderboard/input/chat_context/mocked/enhanced_context/limit.goL139-139""},{""source"":""search"",""file"":""/Users/jan/repos/cody-leaderboard/input/chat_context/mocked/enhanced_context/limit.goL165-165""},{""source"":""search"",""file"":""/Users/jan/repos/cody-leaderboard/input/chat_context/mocked/enhanced_context/limit.goL138-138""},{""source"":""search"",""file"":""/Users/jan/repos/cody-leaderboard/input/chat_context/mocked/codebase_context/eval.goL714-716""},{""source"":""search"",""file"":""/Users/jan/repos/cody-leaderboard/input/chat_context/mocked/enhanced_context/limit.goL166-166""},{""source"":""search"",""file"":""/Users/jan/repos/cody-leaderboard/input/chat_context/mocked/enhanced_context/watcher.goL0-24""},{""source"":""search"",""file"":""/Users/jan/repos/cody-leaderboard/input/chat_context/mocked/codebase_context/limit.goL0-144""},{""source"":""search"",""file"":""/Users/jan/repos/cody-leaderboard/input/chat_context/mocked/enhanced_context/limit.goL91-91""},{""source"":""search"",""file"":""/Users/jan/repos/cody-leaderboard/input/chat_context/mocked/enhanced_context/limit.goL137-137""},{""source"":""search"",""file"":""/Users/jan/repos/cody-leaderboard/input/chat_context/mocked/enhanced_context/vscode/src/external-services.tsL0-2""},{""source"":""embeddings"",""file"":""/Users/jan/repos/cody-leaderboard/input/chat_context/mocked/codebase_context/grpc/chunk/chunker_test.goL153-194""},{""source"":""embeddings"",""file"":""/Users/jan/repos/cody-leaderboard/input/chat_context/mocked/codebase_context/eval.goL600-632""},{""source"":""embeddings"",""file"":""/Users/jan/repos/cody-leaderboard/input/chat_context/mocked/codebase_context/eval.goL139-195""},{""source"":""embeddings"",""file"":""/Users/jan/repos/cody-leaderboard/input/chat_context/mocked/codebase_context/eval.goL446-480""},{""source"":""embeddings"",""file"":""/Users/jan/repos/cody-leaderboard/input/chat_context/mocked/enhanced_context/limit.goL174-194""},{""source"":""embeddings"",""file"":""/Users/jan/repos/cody-leaderboard/input/chat_context/mocked/codebase_context/eval.goL97-139""},{""source"":""embeddings"",""file"":""/Users/jan/repos/cody-leaderboard/input/chat_context/mocked/codebase_context/eval.goL337-377""},{""source"":""embeddings"",""file"":""/Users/jan/repos/cody-leaderboard/input/chat_context/mocked/enhanced_context/limit.goL0-31""},{""source"":""embeddings"",""file"":""/Users/jan/repos/cody-leaderboard/input/chat_context/mocked/codebase_context/eval.goL551-600""},{""source"":""embeddings"",""file"":""/Users/jan/repos/cody-leaderboard/input/chat_context/mocked/enhanced_context/limit.goL49-75""},{""source"":""embeddings"",""file"":""/Users/jan/repos/cody-leaderboard/input/chat_context/mocked/codebase_context/eval.goL236-279""},{""source"":""embeddings"",""file"":""/Users/jan/repos/cody-leaderboard/input/chat_context/mocked/codebase_context/eval.goL480-515""},{""source"":""embeddings"",""file"":""/Users/jan/repos/cody-leaderboard/input/chat_context/mocked/codebase_context/eval.goL68-97""},{""source"":""embeddings"",""file"":""/Users/jan/repos/cody-leaderboard/input/chat_context/mocked/enhanced_context/agent.goL0-3""}]",insufficient context,,,2,,2,true,,,,,,,
yaml,chat_context,gpt-4o,chat,question_020/question.yaml,a676d7fd769ca649ec3987c302638537032a0cbd,,,,0,0,0,0,,,,,,,,,,,"The README.md file provides an overview and instructions for Zoekt, a fast text search engine intended for use with source code. Here are the key points:

1. **Introduction**: It explains that Zoekt is a fork of the original Google zoekt project, and is now the main maintained source.

2. **Downloading**: It shows how to download the Zoekt source code using `go get`.

3. **Indexing**: It provides instructions for indexing different types of data sources:
   - Directory: For indexing a local directory using `zoekt-index`.
   - Git repository: For indexing a Git repository using `zoekt-git-index`, with options to specify branches and prefixes.
   - Repo repositories: For indexing repositories hosted on a Google-internal service called ""Repo"", using `zoekt-repo-index` and `zoekt-mirror-gitiles`.

4. **Searching**:
   - Web interface: It shows how to start the Zoekt web server using `zoekt-webserver`.
   - JSON API: It demonstrates how to perform searches and retrieve results in JSON format by sending HTTP requests to the web server.

5. **CLI**: It mentions that Zoekt provides a command-line interface (CLI) tool called `zoekt` for searching, with an example usage.

6. **Installation**: It provides an example of how to set up Zoekt as a systemd service on a Linux server.

7. **Search Service**: It describes a service management program called `zoekt-indexserver` for mirroring and indexing repositories from various sources like GitHub and Google's internal Gitiles service.

8. **Symbol Search**: It recommends installing Universal ctags for improved symbol search and ranking capabilities.

9. **Acknowledgements**: It gives credit to the original creators of Zoekt.

10. **Fork Details**: It explains the differences between this fork and the original Google zoekt project, such as Sourcegraph-specific commands, API exposure, and additional features.

11. **Disclaimer**: It clarifies that this is not an official Google product.

Overall, the README provides comprehensive information about Zoekt's features, installation, indexing, searching, and the specific changes made in this Sourcegraph fork.",explain README.md,"[{""source"":""search"",""file"":""/Users/jan/repos/cody-leaderboard/input/chat_context/mocked/codebase_context/README.mdL0-61""},{""source"":""search"",""file"":""/Users/jan/repos/cody-leaderboard/input/chat_context/mocked/enhanced_context/README.mdL0-5""},{""source"":""search"",""file"":""/Users/jan/repos/cody-leaderboard/input/chat_context/mocked/codebase_context/README.mdL118-150""},{""source"":""search"",""file"":""/Users/jan/repos/cody-leaderboard/input/chat_context/mocked/codebase_context/README.mdL61-118""},{""source"":""embeddings"",""file"":""/Users/jan/repos/cody-leaderboard/input/chat_context/mocked/codebase_context/eval.goL0-32""},{""source"":""embeddings"",""file"":""/Users/jan/repos/cody-leaderboard/input/chat_context/mocked/enhanced_context/vscode/src/external-services.tsL0-3""},{""source"":""embeddings"",""file"":""/Users/jan/repos/cody-leaderboard/input/chat_context/mocked/codebase_context/eval.goL377-402""},{""source"":""embeddings"",""file"":""/Users/jan/repos/cody-leaderboard/input/chat_context/mocked/codebase_context/shards/watcher.goL184-234""},{""source"":""embeddings"",""file"":""/Users/jan/repos/cody-leaderboard/input/chat_context/mocked/codebase_context/limit.goL0-22""},{""source"":""embeddings"",""file"":""/Users/jan/repos/cody-leaderboard/input/chat_context/mocked/codebase_context/shards/watcher.goL0-41""},{""source"":""embeddings"",""file"":""/Users/jan/repos/cody-leaderboard/input/chat_context/question_002/question.yamlL0-3""},{""source"":""embeddings"",""file"":""/Users/jan/repos/cody-leaderboard/input/chat_context/mocked/codebase_context/shards/watcher.goL133-184""},{""source"":""embeddings"",""file"":""/Users/jan/repos/cody-leaderboard/input/chat_context/mocked/codebase_context/eval.goL551-600""},{""source"":""embeddings"",""file"":""/Users/jan/repos/cody-leaderboard/input/chat_context/mocked/codebase_context/eval.goL480-515""},{""source"":""embeddings"",""file"":""/Users/jan/repos/cody-leaderboard/input/chat_context/mocked/codebase_context/shards/watcher.goL91-133""},{""source"":""embeddings"",""file"":""/Users/jan/repos/cody-leaderboard/input/chat_context/mocked/codebase_context/eval.goL310-337""},{""source"":""embeddings"",""file"":""/Users/jan/repos/cody-leaderboard/input/chat_context/mocked/codebase_context/shards/watcher.goL41-91""},{""source"":""embeddings"",""file"":""/Users/jan/repos/cody-leaderboard/input/chat_context/mocked/codebase_context/eval.goL68-97""},{""source"":""embeddings"",""file"":""/Users/jan/repos/cody-leaderboard/input/chat_context/mocked/codebase_context/eval.goL279-310""}]",explain code,,,2,,2,false,,,,,,,
yaml,chat_context,gpt-4o,chat,question_022/question.yaml,a676d7fd769ca649ec3987c302638537032a0cbd,,,,0,0,0,0,,,,,,,,,,,"The `limit.go` file contains utility functions for limiting the number of displayed search results and matches in the Zoekt code search engine. Here's a summary of its main functionality:

1. `SortAndTruncateFiles` sorts the list of `FileMatch` results and then truncates them based on the specified `SearchOptions`.

2. `NewDisplayTruncator` creates a `DisplayTruncator` function that enforces limits on the maximum number of displayed documents (`MaxDocDisplayCount`) and matches (`MaxMatchDisplayCount`) based on the `SearchOptions`.

3. The `DisplayTruncator` function type is a stateful function that truncates the list of `FileMatch` results by applying the specified limits. It returns a boolean indicating whether more results are available beyond the truncated list.

4. `limitMatches` is a helper function that truncates the `ChunkMatches` or `LineMatches` in each `FileMatch` based on the specified limit and whether matches should be chunked or line-based.

5. `limitChunkMatches` truncates the `ChunkMatches` in a `FileMatch`, potentially removing lines from the `Content` field and adjusting the `Ranges` and `SymbolInfo` fields accordingly.

6. `limitLineMatches` truncates the `LineMatches` in a `FileMatch` by limiting the `LineFragments` slice.

The main purpose of this file is to provide a way to limit the amount of search result data returned to the client, which can be useful for performance and memory management reasons.",what does limit.go do?,"[{""source"":""search"",""file"":""/Users/jan/repos/cody-leaderboard/input/chat_context/mocked/enhanced_context/limit.goL171-189""},{""source"":""search"",""file"":""/Users/jan/repos/cody-leaderboard/input/chat_context/mocked/enhanced_context/limit.goL191-193""},{""source"":""search"",""file"":""/Users/jan/repos/cody-leaderboard/input/chat_context/mocked/enhanced_context/limit.goL101-130""},{""source"":""search"",""file"":""/Users/jan/repos/cody-leaderboard/input/chat_context/mocked/enhanced_context/limit.goL61-63""},{""source"":""search"",""file"":""/Users/jan/repos/cody-leaderboard/input/chat_context/mocked/codebase_context/limit.goL129-143""},{""source"":""search"",""file"":""/Users/jan/repos/cody-leaderboard/input/chat_context/mocked/codebase_context/limit.goL80-125""},{""source"":""search"",""file"":""/Users/jan/repos/cody-leaderboard/input/chat_context/mocked/enhanced_context/limit.goL20-36""},{""source"":""search"",""file"":""/Users/jan/repos/cody-leaderboard/input/chat_context/mocked/codebase_context/limit.goL62-76""},{""source"":""embeddings"",""file"":""/Users/jan/repos/cody-leaderboard/input/chat_context/mocked/codebase_context/eval.goL681-723""},{""source"":""embeddings"",""file"":""/Users/jan/repos/cody-leaderboard/input/chat_context/mocked/enhanced_context/limit.goL114-147""},{""source"":""embeddings"",""file"":""/Users/jan/repos/cody-leaderboard/input/chat_context/mocked/codebase_context/shards/watcher.goL133-184""},{""source"":""embeddings"",""file"":""/Users/jan/repos/cody-leaderboard/input/chat_context/mocked/codebase_context/grpc/chunk/chunker_test.goL30-62""},{""source"":""embeddings"",""file"":""/Users/jan/repos/cody-leaderboard/input/chat_context/mocked/codebase_context/shards/watcher.goL184-234""},{""source"":""embeddings"",""file"":""/Users/jan/repos/cody-leaderboard/input/chat_context/mocked/codebase_context/shards/watcher.goL234-250""},{""source"":""embeddings"",""file"":""/Users/jan/repos/cody-leaderboard/input/chat_context/mocked/codebase_context/limit.goL22-70""},{""source"":""embeddings"",""file"":""/Users/jan/repos/cody-leaderboard/input/chat_context/mocked/enhanced_context/limit.goL75-114""},{""source"":""embeddings"",""file"":""/Users/jan/repos/cody-leaderboard/input/chat_context/mocked/enhanced_context/limit.goL0-31""},{""source"":""embeddings"",""file"":""/Users/jan/repos/cody-leaderboard/input/chat_context/mocked/enhanced_context/limit.goL147-174""},{""source"":""embeddings"",""file"":""/Users/jan/repos/cody-leaderboard/input/chat_context/mocked/codebase_context/eval.goL0-32""},{""source"":""embeddings"",""file"":""/Users/jan/repos/cody-leaderboard/input/chat_context/mocked/codebase_context/shards/watcher.goL41-91""},{""source"":""embeddings"",""file"":""/Users/jan/repos/cody-leaderboard/input/chat_context/mocked/codebase_context/eval.goL68-97""},{""source"":""embeddings"",""file"":""/Users/jan/repos/cody-leaderboard/input/chat_context/mocked/codebase_context/grpc/chunk/chunker_test.goL0-30""},{""source"":""embeddings"",""file"":""/Users/jan/repos/cody-leaderboard/input/chat_context/mocked/codebase_context/limit.goL0-22""}]",explain code,,,2,,2,false,,,,,,,
