LANGUAGEID,WORKSPACE,FIXTURE,STRATEGY,FILEPATH,REVISION,MULTILINE,COMPLETION_INTENT,AUTOCOMPLETE_KIND,RANGE_START_LINE,RANGE_START_CHARACTER,RANGE_END_LINE,RANGE_END_CHARACTER,RESULT_TIMEOUT,RESULT_ERROR,RESULT_EMPTY,RESULT_EXACT,RESULT_TYPECHECKS,RESULT_PARSES,RESULT_TEXT,RESULT_CHAR_COUNT,RESULT_NON_INSERT_PATCH,EDIT_DIFF,CHAT_REPLY,CHAT_QUESTION,CONTEXT_ITEMS,QUESTION_CLASS,FIX_AFTER_DIAGNOSTIC,FIX_BEFORE_DIAGNOSTIC,LLM_JUDGE_SCORE,LLM_JUDGE_REASONING,CONCISENESS_SCORE,HEDGES,PROVIDER_IDENTIFIER,PROVIDER_MODEL,STOP_REASON,CONTEXT_BFG_RETRIEVED_COUNT,CONTEXT_BFG_SUGGESTED_COUNT,CONTEXT_BFG_DURATION_MS,EVENT,TEST_FILENAME,TEST_EXPECTED_FILENAME,TEST_GENERATED,TEST_USED_EXPECTED_TEST_FRAMEWORK,TEST_USED_CORRECT_APPEND_OPERATION,TEST_INPUT_FILENAME,TEST_LANGUAGE,TEST_NAME,TEST_DIAGNOSTICS
yaml,chat_context,gpt-4o,chat,question_001/question.yaml,9cddf3856b5a55fc00e1ad07be3e6d6ad982b474,,,,0,0,0,0,,,,,,,,,,,"To implement a new similarity metric similar to Jaccard, we can follow these steps:

1. Define the new similarity metric function.
2. Integrate this new function into the existing codebase, similar to how Jaccard similarity is used.
3. Update the relevant retriever to use the new similarity metric.

Let's define a new similarity metric called ""Cosine Similarity"". Cosine similarity measures the cosine of the angle between two vectors, which in this case will be the word occurrence vectors of the target and match texts.

### Step 1: Define the Cosine Similarity Function

First, let's define the cosine similarity function in `bestJaccardMatch.ts` (we might rename this file later to reflect the new similarity metric):

```typescript
function cosineSimilarity(left: WordOccurrences, right: WordOccurrences): number {
    let dotProduct = 0
    let leftMagnitude = 0
    let rightMagnitude = 0

    for (const [word, count] of left.entries()) {
        dotProduct += count * (right.get(word) || 0)
        leftMagnitude += count * count
    }

    for (const count of right.values()) {
        rightMagnitude += count * count
    }

    if (leftMagnitude === 0 || rightMagnitude === 0) {
        return 0
    }

    return dotProduct / (Math.sqrt(leftMagnitude) * Math.sqrt(rightMagnitude))
}
```

### Step 2: Integrate the New Similarity Metric

Next, we need to integrate this new function into the existing codebase. We will modify the `bestJaccardMatches` function to use the new similarity metric.

In `bestJaccardMatch.ts`, update the `bestJaccardMatches` function to use `cosineSimilarity`:

```typescript
export function bestCosineMatches(
    targetText: string,
    matchText: string,
    windowSize: number,
    maxMatches: number
): JaccardMatch[] {
    if (windowSize < 1) {
        throw new Error('windowSize must be a positive integer')
    }

    const targetWordCounts = getWordOccurrences(targetText)
    const lines = matchText.split('\n')
    const windows: JaccardMatch[] = []

    for (let i = 0; i <= lines.length - windowSize; i++) {
        const windowLines = lines.slice(i, i + windowSize)
        const windowText = windowLines.join('\n')
        const windowWordCounts = getWordOccurrences(windowText)

        const score = cosineSimilarity(targetWordCounts, windowWordCounts)

        const startLine = i
        const endLine = i + windowSize - 1
        windows.push({
            score,
            content: windowText,
            startLine,
            endLine,
        })
    }

    windows.sort((a, b) => b.score - a.score)

    const retainedWindows: JaccardMatch[] = []
    const includedLines: Set<number> = new Set()
    for (const window of windows) {
        let hasOverlap = false
        for (let i = window.startLine; i <= window.endLine; i++) {
            if (includedLines.has(i)) {
                hasOverlap = true
                break
            }
        }

        if (!hasOverlap) {
            for (let i = window.startLine; i <= window.endLine; i++) {
                includedLines.add(i)
            }
            retainedWindows.push(window)
        }
    }

    return retainedWindows.slice(0, maxMatches)
}
```

### Step 3: Update the Retriever

Now, we need to update the `JaccardSimilarityRetriever` to use the new similarity metric. We might also rename it to reflect the new metric.

In `jaccard-similarity-retriever.ts`, update the retriever to use `bestCosineMatches`:

```typescript
import { bestCosineMatches } from './bestJaccardMatch'

export class CosineSimilarityRetriever implements ContextRetriever {
    constructor(
        private snippetWindowSize: number = SNIPPET_WINDOW_SIZE,
        private maxMatchesPerFile: number = MAX_MATCHES_PER_FILE
    ) {}

    public identifier = 'cosine-similarity'
    private history = new VSCodeDocumentHistory()

    public async retrieve({
        document,
        docContext,
        abortSignal,
    }: ContextRetrieverOptions): Promise<JaccardMatchWithFilename[]> {
        const targetText = lastNLines(docContext.prefix, this.snippetWindowSize)
        const files = await getRelevantFiles(document, this.history)

        const contextRange = getContextRange(document, docContext)
        const contextLineRange = { start: contextRange.start.line, end: contextRange.end.line }

        const matches: JaccardMatchWithFilename[] = []
        for (const { uri, contents } of files) {
            if (abortSignal?.aborted) {
                continue
            }
            const fileMatches = bestCosineMatches(
                targetText,
                contents,
                this.snippetWindowSize,
                this.maxMatchesPerFile
            )

            const relatedMatches = fileMatches.filter(match => match.score > 0)

            for (const match of relatedMatches) {
                if (
                    uri.toString() === document.uri.toString() &&
                    startOrEndOverlapsLineRange(
                        uri,
                        { start: match.startLine, end: match.endLine },
                        document.uri,
                        contextLineRange
                    )
                ) {
                    continue
                }

                matches.push({ ...match, uri })
            }
        }

        matches.sort((a, b) => b.score - a.score)

        return matches
    }

    public isSupportedForLanguageId(): boolean {
        return true
    }

    public dispose(): void {
        this.history.dispose()
    }
}
```

### Step 4: Update the Context Strategy

Finally, we need to update the context strategy to include the new retriever.

In `context-strategy.ts`, add the new strategy:

```typescript
export type ContextStrategy =
    | 'bfg'
    | 'jaccard-similarity'
    | 'new-jaccard-similarity'
    | 'cosine-similarity'
    | 'bfg-mixed'
    | 'local-mixed'
    | 'none'

export class DefaultContextStrategyFactory implements ContextStrategyFactory {
    // ...

    constructor(
        private contextStrategy: ContextStrategy,
        createBfgRetriever?: () => BfgRetriever
    ) {
        switch (contextStrategy) {
            // ...
            case 'cosine-similarity':
                this.localRetriever = new CosineSimilarityRetriever()
                this.disposables.push(this.localRetriever)
                break
            // ...
        }
    }
}
```

### Step 5: Update Configuration

In `completion-provider-config.ts`, add the new strategy:

```typescript
const contextStrategy: ContextStrategy =
    config.autocompleteExperimentalGraphContext === 'bfg'
        ? 'bfg'
        : config.autocompleteExperimentalGraphContext === 'bfg-mixed'
          ? 'bfg-mixed'
          : config.autocompleteExperimentalGraphContext === 'local-mixed'
              ? 'local-mixed'
              : config.autocompleteExperimentalGraphContext === 'jaccard-similarity'
                  ? 'jaccard-similarity'
                  : config.autocompleteExperimentalGraphContext === 'new-jaccard-similarity'
                      ? 'new-jaccard-similarity'
                      : config.autocompleteExperimentalGraphContext === 'cosine-similarity'
                          ? 'cosine-similarity'
                          : bfgMixedContextFlag
                              ? 'bfg-mixed'
                              : 'jaccard-similarity'
```

### Step 6: Testing

Finally, we need to add tests for the new retriever. In `jaccard-similarity-retriever.test.ts`, add tests for the new retriever:

```typescript
import { CosineSimilarityRetriever } from './cosine-similarity-retriever'

describe('CosineSimilarityRetriever', () => {
    // Add tests similar to the ones for JaccardSimilarityRetriever
})
```

This completes the implementation of a new similarity metric similar to Jaccard. You can now test and validate the new retriever to ensure it works as expected.",implement a new similarity metric similar to jaccard,"[{""source"":""search"",""file"":""/Users/jan/repos/cody-leaderboard/input/chat_context/cody_test/vscode/src/completions/context/retrievers/jaccard-similarity/jaccard-similarity-retriever.test.tsL0-189""},{""source"":""search"",""file"":""/Users/jan/repos/cody-leaderboard/input/chat_context/cody_test/vscode/src/completions/context/retrievers/jaccard-similarity/jaccard-similarity-retriever.tsL0-236""},{""source"":""embeddings"",""file"":""/Users/jan/repos/cody-leaderboard/input/chat_context/cody_test/agent/src/offsets.tsL56-66""},{""source"":""embeddings"",""file"":""/Users/jan/repos/cody-leaderboard/input/chat_context/cody_test/vscode/src/completions/context/retrievers/jaccard-similarity/bestJaccardMatch.tsL113-137""},{""source"":""embeddings"",""file"":""/Users/jan/repos/cody-leaderboard/input/chat_context/cody_test/vscode/test/integration/single-root/api.test.tsL0-42""},{""source"":""embeddings"",""file"":""/Users/jan/repos/cody-leaderboard/input/chat_context/cody_test/vscode/src/completions/context/context-strategy.tsL25-50""},{""source"":""embeddings"",""file"":""/Users/jan/repos/cody-leaderboard/input/chat_context/cody_test/vscode/src/completions/context/retrievers/jaccard-similarity/bestJaccardMatch.tsL137-169""},{""source"":""embeddings"",""file"":""/Users/jan/repos/cody-leaderboard/input/chat_context/cody_test/vscode/src/completions/completion-provider-config.tsL55-77""},{""source"":""embeddings"",""file"":""/Users/jan/repos/cody-leaderboard/input/chat_context/cody_test/vscode/src/completions/context/context-mixer.test.tsL204-233""},{""source"":""embeddings"",""file"":""/Users/jan/repos/cody-leaderboard/input/chat_context/cody_test/vscode/src/completions/context/context-strategy.tsL0-25""},{""source"":""embeddings"",""file"":""/Users/jan/repos/cody-leaderboard/input/chat_context/cody_test/vscode/src/completions/context/context-mixer.test.tsL93-123""},{""source"":""embeddings"",""file"":""/Users/jan/repos/cody-leaderboard/input/chat_context/cody_test/vscode/src/completions/context/retrievers/jaccard-similarity/bestJaccardMatch.tsL0-30""},{""source"":""embeddings"",""file"":""/Users/jan/repos/cody-leaderboard/input/chat_context/cody_test/vscode/src/completions/context/retrievers/jaccard-similarity/bestJaccardMatch.tsL98-113""},{""source"":""embeddings"",""file"":""/Users/jan/repos/cody-leaderboard/input/chat_context/cody_test/vscode/src/completions/get-inline-completions-tests/dynamic-multiline.test.tsL106-121""}]",generate code,,,1,,0,false,,,,,,,,,,,,,,,,
yaml,chat_context,gpt-4o,chat,question_002/question.yaml,9cddf3856b5a55fc00e1ad07be3e6d6ad982b474,,,,0,0,0,0,,,,,,,,,,,"Based on the provided codebase context, `symf` appears to be a binary tool used within the Sourcegraph Cody extension for VS Code. It is involved in indexing and querying codebases to provide enhanced search capabilities. Here are some key points about `symf`:

1. **Purpose**: `symf` is used to index directories and perform keyword-based searches within those directories. This is likely to enhance the functionality of Cody, particularly in providing context-aware code completions and search results.

2. **Configuration**: The path to the `symf` binary can be configured via the `cody.experimental.symf.path` setting in VS Code. If this setting is not provided, the extension will attempt to download the `symf` binary automatically.

3. **Indexing**: `symf` creates and manages indexes for directories. It supports operations like ensuring an index exists, reindexing if the index is stale, and deleting indexes. The indexing process involves creating a temporary index and then atomically replacing the old index with the new one.

4. **Querying**: `symf` can run keyword queries against the indexes it creates. The results of these queries are used to provide context for code completions and other features within the Cody extension.

5. **Error Handling**: The codebase includes error handling for various scenarios, such as missing `symf` binary, unauthorized access, and general indexing failures.

6. **Integration**: `symf` is integrated with other components of the Cody extension, such as the `SymfRunner` class, which manages the lifecycle and operations of `symf`, and the `SimpleChatPanelProvider`, which uses `symf` to provide enhanced context for chat interactions.

Overall, `symf` is a crucial component for providing advanced code search and context features in the Sourcegraph Cody extension for VS Code.",what is symf?,"[{""source"":""search"",""file"":""/Users/jan/repos/cody-leaderboard/input/chat_context/cody_test/vscode/src/local-context/symf.tsL630-642""},{""source"":""search"",""file"":""/Users/jan/repos/cody-leaderboard/input/chat_context/cody_test/vscode/src/local-context/symf.tsL49-486""},{""source"":""search"",""file"":""/Users/jan/repos/cody-leaderboard/input/chat_context/cody_test/vscode/CHANGELOG.mdL566-598""},{""source"":""search"",""file"":""/Users/jan/repos/cody-leaderboard/input/chat_context/cody_test/vscode/CHANGELOG.mdL598-626""},{""source"":""search"",""file"":""/Users/jan/repos/cody-leaderboard/input/chat_context/cody_test/vscode/src/chat/chat-view/SimpleChatPanelProvider.tsL137-1252""},{""source"":""search"",""file"":""/Users/jan/repos/cody-leaderboard/input/chat_context/cody_test/vscode/CHANGELOG.mdL965-998""},{""source"":""search"",""file"":""/Users/jan/repos/cody-leaderboard/input/chat_context/cody_test/vscode/CHANGELOG.mdL1066-1090""},{""source"":""search"",""file"":""/Users/jan/repos/cody-leaderboard/input/chat_context/cody_test/vscode/src/local-context/symf.tsL590-628""},{""source"":""search"",""file"":""/Users/jan/repos/cody-leaderboard/input/chat_context/cody_test/vscode/src/local-context/download-symf.tsL19-30""},{""source"":""search"",""file"":""/Users/jan/repos/cody-leaderboard/input/chat_context/cody_test/vscode/src/completions/is-completion-visible.tsL0-90""},{""source"":""search"",""file"":""/Users/jan/repos/cody-leaderboard/input/chat_context/cody_test/vscode/src/local-context/symf.tsL526-528""},{""source"":""embeddings"",""file"":""/Users/jan/repos/cody-leaderboard/input/chat_context/cody_test/agent/src/cli/scip-codegen/scip.tsL1531-1567""},{""source"":""embeddings"",""file"":""/Users/jan/repos/cody-leaderboard/input/chat_context/cody_test/vscode/src/local-context/symf.test.tsL22-48""},{""source"":""embeddings"",""file"":""/Users/jan/repos/cody-leaderboard/input/chat_context/cody_test/package.jsonL29-63""},{""source"":""embeddings"",""file"":""/Users/jan/repos/cody-leaderboard/input/chat_context/cody_test/vscode/src/configuration.test.tsL48-70""},{""source"":""embeddings"",""file"":""/Users/jan/repos/cody-leaderboard/input/chat_context/cody_test/vscode/src/local-context/download-symf.tsL116-153""},{""source"":""embeddings"",""file"":""/Users/jan/repos/cody-leaderboard/input/chat_context/cody_test/agent/src/language-file-extensions.jsonL115-192""},{""source"":""embeddings"",""file"":""/Users/jan/repos/cody-leaderboard/input/chat_context/cody_test/vscode/src/local-context/download-symf.tsL80-116""},{""source"":""embeddings"",""file"":""/Users/jan/repos/cody-leaderboard/input/chat_context/cody_test/vscode/src/external-services.tsL27-61""},{""source"":""embeddings"",""file"":""/Users/jan/repos/cody-leaderboard/input/chat_context/cody_test/vscode/src/chat/chat-view/CodebaseStatusProvider.tsL179-183""},{""source"":""embeddings"",""file"":""/Users/jan/repos/cody-leaderboard/input/chat_context/cody_test/recordings/symf_3564355686/recording.har.yamlL0-37""},{""source"":""embeddings"",""file"":""/Users/jan/repos/cody-leaderboard/input/chat_context/cody_test/vscode/src/local-context/download-symf.tsL55-80""},{""source"":""embeddings"",""file"":""/Users/jan/repos/cody-leaderboard/input/chat_context/cody_test/vscode/src/local-context/download-symf.tsL27-55""}]",codebase onboarding,,,1,,1,false,,,,,,,,,,,,,,,,
